{
  "samplerate_hz": 48000,
  "rt": {
    "edt_s": 53.92601714797346,
    "t20_rt60_s": 43.01177956424277,
    "t30_rt60_s": 42.537199015898125,
    "rt60_s": 42.537199015898125,
    "edc_db": {
      "n": 576000,
      "min_db": -80.50939310088188,
      "max_db": 0.0
    }
  },
  "clarity": {
    "c50_db": -17.953262262229792,
    "c80_db": -16.138206301433794,
    "d50": 0.01576780858844916
  },
  "drr": {
    "drr_db": -31.372892986274582,
    "direct_index": 88378
  },
  "quality": {
    "snr_db": 4.3685010338325725,
    "noise_floor_db": -21.851307715692897
  },
  "frequency_response": {
    "bands_hz": [
      20.0,
      22.317679850154974,
      24.903941694700666,
      27.789909887462752,
      31.010315596652497,
      34.60391477691789,
      38.613954577665,
      43.08869380063767,
      48.08198367019944,
      53.65391590559452,
      59.87154589440981,
      66.80969967026489,
      74.55187440629881,
      83.19124326143695,
      92.83177667225556,
      103.58949358462426,
      115.59385768306628,
      128.9893354207524,
      143.93713460023045,
      160.61714442783028,
      179.23010038932102,
      200.00000000000003,
      223.17679850154963,
      249.0394169470064,
      277.8990988746275,
      310.1031559665251,
      346.03914776917895,
      386.13954577665,
      430.8869380063765,
      480.8198367019944,
      536.539159055945,
      598.7154589440981,
      668.096996702649,
      745.5187440629877,
      831.9124326143695,
      928.3177667225556,
      1035.8949358462426,
      1155.938576830663,
      1289.8933542075242,
      1439.371346002303,
      1606.1714442783027,
      1792.3010038932102,
      2000.0000000000002,
      2231.7679850154964,
      2490.3941694700643,
      2778.9909887462754,
      3101.031559665248,
      3460.391477691789,
      3861.3954577665,
      4308.869380063765,
      4808.198367019944,
      5365.3915905594495,
      5987.154589440982,
      6680.96996702649,
      7455.187440629877,
      8319.124326143696,
      9283.177667225556,
      10358.949358462405,
      11559.385768306627,
      12898.933542075243,
      14393.71346002303,
      16061.714442783043,
      17923.0100389321,
      20000.0
    ],
    "magnitude_db": [
      -77.08107228193781,
      -73.46101254924591,
      -72.9323207805454,
      -72.9323207805454,
      -62.84986817548484,
      -60.33516052739647,
      -58.500010280515184,
      -61.255455250303854,
      -45.94119673441932,
      -41.124598604715075,
      -53.19969662739154,
      -79.37698686039057,
      -83.2310404632536,
      -87.28054831389862,
      -97.05202781813988,
      -97.60270272771916,
      -96.01645026357428,
      -94.34101152154699,
      -94.14445005141609,
      -108.57773002926646,
      -102.47317559930417,
      -100.52656065848636,
      -107.13871917579583,
      -100.10448115369833,
      -102.88345387498228,
      -115.56399453291783,
      -107.86941258728037,
      -107.1527355994072,
      -104.93431860828822,
      -104.52248842149174,
      -102.86190868662361,
      -113.09282637792022,
      -106.27564712670578,
      -90.73529180388516,
      -103.0747927535056,
      -94.0095946803177,
      -93.4711027804935,
      -104.92421984577445,
      -93.74688097656013,
      -94.67026324827296,
      -90.34089655319029,
      -108.41583954079644,
      -90.07709403359198,
      -96.6473333030884,
      -90.95331398660745,
      -101.93220837145464,
      -87.1677603441644,
      -101.6001330963654,
      -107.15325515630938,
      -107.05323754369317,
      -105.90394204872952,
      -119.03098263735943,
      -107.45868721273057,
      -94.47918092320833,
      -85.12346970469643,
      -86.72122197578331,
      -93.24198007099703,
      -109.60159155181726,
      -90.44084995743387,
      -53.30084044906363,
      -29.06953279431747,
      -12.751068306245866,
      -22.586028684077593,
      -31.271593347843968
    ]
  },
  "sti": {
    "sti": NaN,
    "bands_hz": [
      125.0,
      250.0,
      500.0,
      1000.0,
      2000.0,
      4000.0,
      8000.0
    ],
    "band_ti": [
      NaN,
      0.9343767466980724,
      0.9470060623972815,
      0.9601314425089535,
      0.9450861508408678,
      0.4580483759201996,
      0.0003115976041388654
    ],
    "mod_freqs_hz": [
      0.63,
      0.8,
      1.0,
      1.25,
      1.6,
      2.0,
      2.5,
      3.15,
      4.0,
      5.0,
      6.3,
      8.0,
      10.0,
      12.5
    ]
  }
}