{
  "samplerate_hz": 48000,
  "rt": {
    "edt_s": 11.395393313227409,
    "t20_rt60_s": 329.45899818472463,
    "t30_rt60_s": 318.71863480686415,
    "rt60_s": 318.71863480686415,
    "edc_db": {
      "n": 576000,
      "min_db": -54.71553734515137,
      "max_db": 0.0
    }
  },
  "clarity": {
    "c50_db": -16.04513328641605,
    "c80_db": -14.415533543866763,
    "d50": 0.024256184026699667
  },
  "drr": {
    "drr_db": -25.15429787216538,
    "direct_index": 17553
  },
  "quality": {
    "snr_db": 2.021484564286492,
    "noise_floor_db": -22.757307135329242
  },
  "frequency_response": {
    "bands_hz": [
      20.0,
      22.317679850154974,
      24.903941694700666,
      27.789909887462752,
      31.010315596652497,
      34.60391477691789,
      38.613954577665,
      43.08869380063767,
      48.08198367019944,
      53.65391590559452,
      59.87154589440981,
      66.80969967026489,
      74.55187440629881,
      83.19124326143695,
      92.83177667225556,
      103.58949358462426,
      115.59385768306628,
      128.9893354207524,
      143.93713460023045,
      160.61714442783028,
      179.23010038932102,
      200.00000000000003,
      223.17679850154963,
      249.0394169470064,
      277.8990988746275,
      310.1031559665251,
      346.03914776917895,
      386.13954577665,
      430.8869380063765,
      480.8198367019944,
      536.539159055945,
      598.7154589440981,
      668.096996702649,
      745.5187440629877,
      831.9124326143695,
      928.3177667225556,
      1035.8949358462426,
      1155.938576830663,
      1289.8933542075242,
      1439.371346002303,
      1606.1714442783027,
      1792.3010038932102,
      2000.0000000000002,
      2231.7679850154964,
      2490.3941694700643,
      2778.9909887462754,
      3101.031559665248,
      3460.391477691789,
      3861.3954577665,
      4308.869380063765,
      4808.198367019944,
      5365.3915905594495,
      5987.154589440982,
      6680.96996702649,
      7455.187440629877,
      8319.124326143696,
      9283.177667225556,
      10358.949358462405,
      11559.385768306627,
      12898.933542075243,
      14393.71346002303,
      16061.714442783043,
      17923.0100389321,
      20000.0
    ],
    "magnitude_db": [
      -125.01284792827849,
      -133.1129043883685,
      -142.731279717553,
      -142.731279717553,
      -139.68494378101096,
      -137.7470583818438,
      -139.23166244011378,
      -136.69361520985572,
      -141.24491274042737,
      -141.89723047274273,
      -131.4265285324177,
      -134.29817613759172,
      -152.70358201824425,
      -141.14435987721254,
      -144.8955610260105,
      -141.0426967114448,
      -143.00976286890943,
      -142.67283292954315,
      -134.591902490367,
      -140.8468406197119,
      -119.24942395698993,
      -136.2875535554901,
      -137.28457977548612,
      -136.01817520692944,
      -127.42455331267948,
      -132.4117000322835,
      -129.65650063868173,
      -134.0659099539854,
      -139.86284397119073,
      -129.3673039405611,
      -148.6659329354782,
      -136.96977424106225,
      -125.2853921886615,
      -128.260223496327,
      -116.50486895886077,
      -116.6299573754602,
      -124.8846162572475,
      -119.67242443921789,
      -120.74080613250763,
      -120.12228188797624,
      -121.02534594416262,
      -122.31449161435924,
      -118.3452094751207,
      -124.84505121272957,
      -122.29299080632632,
      -157.95049674981496,
      -119.08645189116137,
      -122.11274049362788,
      -117.24190623293843,
      -116.8666007461497,
      -119.13203314731021,
      -113.00348328721932,
      -110.93749358529287,
      -109.68545915422018,
      -122.40472366457459,
      -103.58482002734944,
      -106.886981373346,
      -129.1890438091035,
      -117.22472501762198,
      -124.07008856571231,
      -132.18032001959855,
      -129.90577161491976,
      -120.07942620113849,
      -122.45267615224199
    ]
  },
  "sti": {
    "sti": NaN,
    "bands_hz": [
      125.0,
      250.0,
      500.0,
      1000.0,
      2000.0,
      4000.0,
      8000.0
    ],
    "band_ti": [
      NaN,
      0.9990491589937125,
      1.0,
      1.0,
      1.0,
      1.0,
      1.0
    ],
    "mod_freqs_hz": [
      0.63,
      0.8,
      1.0,
      1.25,
      1.6,
      2.0,
      2.5,
      3.15,
      4.0,
      5.0,
      6.3,
      8.0,
      10.0,
      12.5
    ]
  },
  "display_metrics": [
    {
      "key": "rt60",
      "label": "RT60",
      "value": 318.71863480686415,
      "formatted_value": "318.72",
      "unit": "s",
      "description": "Reverberation time (60 dB decay)",
      "icon": "timer",
      "category": "reverberation",
      "sort_order": 0
    },
    {
      "key": "edt",
      "label": "EDT",
      "value": 11.395393313227409,
      "formatted_value": "11.40",
      "unit": "s",
      "description": "Early decay time",
      "icon": "speed",
      "category": "reverberation",
      "sort_order": 1
    },
    {
      "key": "sti",
      "label": "STI",
      "value": NaN,
      "formatted_value": "nan",
      "unit": "",
      "description": "Speech transmission index",
      "icon": "record_voice_over",
      "category": "intelligibility",
      "sort_order": 2
    },
    {
      "key": "c50",
      "label": "C50",
      "value": -16.04513328641605,
      "formatted_value": "-16.0",
      "unit": "dB",
      "description": "Clarity for speech",
      "icon": "hearing",
      "category": "clarity",
      "sort_order": 3
    },
    {
      "key": "c80",
      "label": "C80",
      "value": -14.415533543866763,
      "formatted_value": "-14.4",
      "unit": "dB",
      "description": "Clarity for music",
      "icon": "music_note",
      "category": "clarity",
      "sort_order": 4
    },
    {
      "key": "d50",
      "label": "D50",
      "value": 0.024256184026699667,
      "formatted_value": "2",
      "unit": "%",
      "description": "Definition (speech intelligibility)",
      "icon": "graphic_eq",
      "category": "clarity",
      "sort_order": 5
    },
    {
      "key": "drr",
      "label": "DRR",
      "value": -25.15429787216538,
      "formatted_value": "-25.2",
      "unit": "dB",
      "description": "Direct-to-reverberant ratio",
      "icon": "surround_sound",
      "category": "spatial",
      "sort_order": 6
    },
    {
      "key": "snr",
      "label": "SNR",
      "value": 2.021484564286492,
      "formatted_value": "2.0",
      "unit": "dB",
      "description": "Signal-to-noise ratio",
      "icon": "signal_cellular_alt",
      "category": "quality",
      "sort_order": 7
    }
  ]
}