{
  "samplerate_hz": 48000,
  "rt": {
    "edt_s": 247.5337391369786,
    "t20_rt60_s": 311.78892491779663,
    "t30_rt60_s": 298.3717336117311,
    "rt60_s": 298.3717336117311,
    "edc_db": {
      "n": 606081,
      "min_db": -54.57412263703723,
      "max_db": 0.0
    }
  },
  "clarity": {
    "c50_db": -19.32577170059266,
    "c80_db": -16.608394685336382,
    "d50": 0.011544626756315774
  },
  "drr": {
    "drr_db": -27.886521442232603,
    "direct_index": 587152
  },
  "quality": {
    "snr_db": -5.325303689180046,
    "noise_floor_db": -14.327878134828762
  },
  "frequency_response": {
    "bands_hz": [
      20.0,
      22.317679850154974,
      24.903941694700666,
      27.789909887462752,
      31.010315596652497,
      34.60391477691789,
      38.613954577665,
      43.08869380063767,
      48.08198367019944,
      53.65391590559452,
      59.87154589440981,
      66.80969967026489,
      74.55187440629881,
      83.19124326143695,
      92.83177667225556,
      103.58949358462426,
      115.59385768306628,
      128.9893354207524,
      143.93713460023045,
      160.61714442783028,
      179.23010038932102,
      200.00000000000003,
      223.17679850154963,
      249.0394169470064,
      277.8990988746275,
      310.1031559665251,
      346.03914776917895,
      386.13954577665,
      430.8869380063765,
      480.8198367019944,
      536.539159055945,
      598.7154589440981,
      668.096996702649,
      745.5187440629877,
      831.9124326143695,
      928.3177667225556,
      1035.8949358462426,
      1155.938576830663,
      1289.8933542075242,
      1439.371346002303,
      1606.1714442783027,
      1792.3010038932102,
      2000.0000000000002,
      2231.7679850154964,
      2490.3941694700643,
      2778.9909887462754,
      3101.031559665248,
      3460.391477691789,
      3861.3954577665,
      4308.869380063765,
      4808.198367019944,
      5365.3915905594495,
      5987.154589440982,
      6680.96996702649,
      7455.187440629877,
      8319.124326143696,
      9283.177667225556,
      10358.949358462405,
      11559.385768306627,
      12898.933542075243,
      14393.71346002303,
      16061.714442783043,
      17923.0100389321,
      20000.0
    ],
    "magnitude_db": [
      -122.3178773766457,
      -136.58541437846972,
      -139.98837604234672,
      -139.98837604234672,
      -123.24031046897719,
      -130.3343318572414,
      -129.98871610788433,
      -127.67245665165532,
      -122.91673566177974,
      -126.07281133167385,
      -129.1858874542679,
      -136.4431675616862,
      -134.4440788591985,
      -139.8764096256753,
      -130.5656768090431,
      -126.9583838249228,
      -126.47965462587459,
      -99.63866145096262,
      -125.5009104278191,
      -123.37654677308448,
      -105.3942859789247,
      -104.6563066575611,
      -116.85264841602825,
      -106.85589896594203,
      -107.46021267768468,
      -127.6698587892084,
      -117.54286363554465,
      -110.72168621518927,
      -117.21221181062886,
      -115.96202638835555,
      -109.31329272098056,
      -104.71324309483916,
      -106.71104076658422,
      -105.16495765527468,
      -101.82222188644587,
      -104.09902555832295,
      -98.58955029748215,
      -133.65897786765177,
      -110.24431514951999,
      -102.88752204673554,
      -109.17394774558637,
      -96.25823596181014,
      -94.43214019220068,
      -98.66628896701549,
      -100.6802541325988,
      -92.66609771957346,
      -96.43898383680508,
      -103.59514228022852,
      -105.45923268158988,
      -123.95470807337006,
      -114.55935498053154,
      -108.35016334665349,
      -109.86287293378663,
      -101.59406506504736,
      -100.44490876462945,
      -103.14661536468182,
      -103.3864142453067,
      -97.0272244132299,
      -96.66935906168078,
      -116.09848319744621,
      -118.16876751592233,
      -111.28994136602049,
      -112.15264089099499,
      -120.85423236777685
    ]
  },
  "sti": {
    "sti": NaN,
    "bands_hz": [
      125.0,
      250.0,
      500.0,
      1000.0,
      2000.0,
      4000.0,
      8000.0
    ],
    "band_ti": [
      NaN,
      0.9847323323381466,
      0.9878867450344998,
      0.9664343191531424,
      0.7860798436236547,
      0.7941071453053804,
      0.45499513449477763
    ],
    "mod_freqs_hz": [
      0.63,
      0.8,
      1.0,
      1.25,
      1.6,
      2.0,
      2.5,
      3.15,
      4.0,
      5.0,
      6.3,
      8.0,
      10.0,
      12.5
    ]
  }
}