{
  "samplerate_hz": 48000,
  "rt": {
    "edt_s": 10.844128798834959,
    "t20_rt60_s": 322.16604467876004,
    "t30_rt60_s": 315.0018311806736,
    "rt60_s": 315.0018311806736,
    "edc_db": {
      "n": 576000,
      "min_db": -51.66565474138744,
      "max_db": 0.0
    }
  },
  "clarity": {
    "c50_db": -16.985949580538147,
    "c80_db": -14.903021138145556,
    "d50": 0.01962445087144333
  },
  "drr": {
    "drr_db": -24.55848221912491,
    "direct_index": 42968
  },
  "quality": {
    "snr_db": 1.9370052113020486,
    "noise_floor_db": -22.056185340672204
  },
  "frequency_response": {
    "bands_hz": [
      20.0,
      22.317679850154974,
      24.903941694700666,
      27.789909887462752,
      31.010315596652497,
      34.60391477691789,
      38.613954577665,
      43.08869380063767,
      48.08198367019944,
      53.65391590559452,
      59.87154589440981,
      66.80969967026489,
      74.55187440629881,
      83.19124326143695,
      92.83177667225556,
      103.58949358462426,
      115.59385768306628,
      128.9893354207524,
      143.93713460023045,
      160.61714442783028,
      179.23010038932102,
      200.00000000000003,
      223.17679850154963,
      249.0394169470064,
      277.8990988746275,
      310.1031559665251,
      346.03914776917895,
      386.13954577665,
      430.8869380063765,
      480.8198367019944,
      536.539159055945,
      598.7154589440981,
      668.096996702649,
      745.5187440629877,
      831.9124326143695,
      928.3177667225556,
      1035.8949358462426,
      1155.938576830663,
      1289.8933542075242,
      1439.371346002303,
      1606.1714442783027,
      1792.3010038932102,
      2000.0000000000002,
      2231.7679850154964,
      2490.3941694700643,
      2778.9909887462754,
      3101.031559665248,
      3460.391477691789,
      3861.3954577665,
      4308.869380063765,
      4808.198367019944,
      5365.3915905594495,
      5987.154589440982,
      6680.96996702649,
      7455.187440629877,
      8319.124326143696,
      9283.177667225556,
      10358.949358462405,
      11559.385768306627,
      12898.933542075243,
      14393.71346002303,
      16061.714442783043,
      17923.0100389321,
      20000.0
    ],
    "magnitude_db": [
      -131.40817237883442,
      -130.57902330676671,
      -147.6480758382947,
      -147.6480758382947,
      -146.18974085585089,
      -139.1012913431282,
      -135.99821559233186,
      -135.4270515622247,
      -136.46574866193282,
      -144.24276574955658,
      -135.24350036541685,
      -134.85680260163772,
      -149.82379291619554,
      -132.35082030489446,
      -144.90389033195314,
      -152.21461136153175,
      -157.80531367301936,
      -127.89809694248922,
      -142.45938786255581,
      -132.7099445744716,
      -126.09047242686239,
      -113.37292875508608,
      -123.40940006839767,
      -120.8105761376283,
      -112.261881570222,
      -110.41344068156717,
      -121.8874025591731,
      -113.14113072642184,
      -115.30087115919125,
      -114.62723210352561,
      -114.20124954726822,
      -113.64400700671499,
      -109.16140326406648,
      -104.7376278247049,
      -100.48569877860132,
      -104.07429203200023,
      -107.41036509070733,
      -112.95854427437524,
      -106.63708151911405,
      -103.08655007247638,
      -100.50759696568826,
      -101.15085860795212,
      -106.6957966711305,
      -102.22618535998316,
      -116.45443407650957,
      -101.0184373294088,
      -97.28798958746455,
      -94.11722494788773,
      -96.28413363329454,
      -97.73378273456352,
      -97.73940058035541,
      -103.12428930139596,
      -96.07163399918258,
      -92.91969104037898,
      -96.64180081541195,
      -92.73977823566071,
      -91.22178040142077,
      -96.9524906586719,
      -89.87920094737262,
      -104.48520588548774,
      -113.03605467929461,
      -102.49728746841791,
      -97.79079954253066,
      -110.0757148515849
    ]
  },
  "sti": {
    "sti": NaN,
    "bands_hz": [
      125.0,
      250.0,
      500.0,
      1000.0,
      2000.0,
      4000.0,
      8000.0
    ],
    "band_ti": [
      NaN,
      0.9991924891861592,
      1.0,
      1.0,
      1.0,
      1.0,
      1.0
    ],
    "mod_freqs_hz": [
      0.63,
      0.8,
      1.0,
      1.25,
      1.6,
      2.0,
      2.5,
      3.15,
      4.0,
      5.0,
      6.3,
      8.0,
      10.0,
      12.5
    ]
  },
  "display_metrics": [
    {
      "key": "rt60",
      "label": "RT60",
      "value": 315.0018311806736,
      "formatted_value": "315.00",
      "unit": "s",
      "description": "Reverberation time (60 dB decay)",
      "icon": "timer",
      "category": "reverberation",
      "sort_order": 0
    },
    {
      "key": "edt",
      "label": "EDT",
      "value": 10.844128798834959,
      "formatted_value": "10.84",
      "unit": "s",
      "description": "Early decay time",
      "icon": "speed",
      "category": "reverberation",
      "sort_order": 1
    },
    {
      "key": "sti",
      "label": "STI",
      "value": NaN,
      "formatted_value": "nan",
      "unit": "",
      "description": "Speech transmission index",
      "icon": "record_voice_over",
      "category": "intelligibility",
      "sort_order": 2
    },
    {
      "key": "c50",
      "label": "C50",
      "value": -16.985949580538147,
      "formatted_value": "-17.0",
      "unit": "dB",
      "description": "Clarity for speech",
      "icon": "hearing",
      "category": "clarity",
      "sort_order": 3
    },
    {
      "key": "c80",
      "label": "C80",
      "value": -14.903021138145556,
      "formatted_value": "-14.9",
      "unit": "dB",
      "description": "Clarity for music",
      "icon": "music_note",
      "category": "clarity",
      "sort_order": 4
    },
    {
      "key": "d50",
      "label": "D50",
      "value": 0.01962445087144333,
      "formatted_value": "2",
      "unit": "%",
      "description": "Definition (speech intelligibility)",
      "icon": "graphic_eq",
      "category": "clarity",
      "sort_order": 5
    },
    {
      "key": "drr",
      "label": "DRR",
      "value": -24.55848221912491,
      "formatted_value": "-24.6",
      "unit": "dB",
      "description": "Direct-to-reverberant ratio",
      "icon": "surround_sound",
      "category": "spatial",
      "sort_order": 6
    },
    {
      "key": "snr",
      "label": "SNR",
      "value": 1.9370052113020486,
      "formatted_value": "1.9",
      "unit": "dB",
      "description": "Signal-to-noise ratio",
      "icon": "signal_cellular_alt",
      "category": "quality",
      "sort_order": 7
    }
  ]
}