{
  "success": true,
  "message": "Aligned audio: 576000 samples (12.00s) from original 744960 samples",
  "original_length_samples": 744960,
  "aligned_length_samples": 576000,
  "sweep_start_sample": 140455,
  "sweep_end_sample": 620455,
  "audio_hash": "29d77cce7bf73560a0cc62215aee557b7a35b182fb5b53d1ede6c186cea98de2",
  "start_chirp": {
    "detected": true,
    "sample_index": 20455,
    "time_seconds": 0.42614583333333333,
    "correlation_peak": 0.5947985085894727,
    "confidence": 1.0
  },
  "end_chirp": null
}