{
  "samplerate_hz": 48000,
  "rt": {
    "edt_s": 11.269349941318488,
    "t20_rt60_s": 319.5396311137237,
    "t30_rt60_s": 311.6448693789586,
    "rt60_s": 311.6448693789586,
    "edc_db": {
      "n": 576000,
      "min_db": -59.07691654312681,
      "max_db": 0.0
    }
  },
  "clarity": {
    "c50_db": -15.655698002302698,
    "c80_db": -13.86218919752203,
    "d50": 0.02647151890495603
  },
  "drr": {
    "drr_db": -25.319724699055346,
    "direct_index": 62706
  },
  "quality": {
    "snr_db": 1.8423536111812604,
    "noise_floor_db": -21.7650056735415
  },
  "frequency_response": {
    "bands_hz": [
      20.0,
      22.317679850154974,
      24.903941694700666,
      27.789909887462752,
      31.010315596652497,
      34.60391477691789,
      38.613954577665,
      43.08869380063767,
      48.08198367019944,
      53.65391590559452,
      59.87154589440981,
      66.80969967026489,
      74.55187440629881,
      83.19124326143695,
      92.83177667225556,
      103.58949358462426,
      115.59385768306628,
      128.9893354207524,
      143.93713460023045,
      160.61714442783028,
      179.23010038932102,
      200.00000000000003,
      223.17679850154963,
      249.0394169470064,
      277.8990988746275,
      310.1031559665251,
      346.03914776917895,
      386.13954577665,
      430.8869380063765,
      480.8198367019944,
      536.539159055945,
      598.7154589440981,
      668.096996702649,
      745.5187440629877,
      831.9124326143695,
      928.3177667225556,
      1035.8949358462426,
      1155.938576830663,
      1289.8933542075242,
      1439.371346002303,
      1606.1714442783027,
      1792.3010038932102,
      2000.0000000000002,
      2231.7679850154964,
      2490.3941694700643,
      2778.9909887462754,
      3101.031559665248,
      3460.391477691789,
      3861.3954577665,
      4308.869380063765,
      4808.198367019944,
      5365.3915905594495,
      5987.154589440982,
      6680.96996702649,
      7455.187440629877,
      8319.124326143696,
      9283.177667225556,
      10358.949358462405,
      11559.385768306627,
      12898.933542075243,
      14393.71346002303,
      16061.714442783043,
      17923.0100389321,
      20000.0
    ],
    "magnitude_db": [
      -111.59045716139714,
      -129.15005570478368,
      -128.17504915171588,
      -128.17504915171588,
      -130.52040601861154,
      -128.67313254847454,
      -126.48664101018765,
      -127.20245342221389,
      -125.68071554625703,
      -122.85000324997156,
      -120.95647902873691,
      -132.21156834887196,
      -129.96631217934163,
      -118.37873756651136,
      -120.15590365232102,
      -115.6756330656686,
      -121.80557605966041,
      -90.15894622929909,
      -109.69359842429296,
      -121.16611560489872,
      -96.34400821266257,
      -94.8773084687802,
      -103.66787892662285,
      -94.11094390399626,
      -103.53784537675517,
      -112.2239237961025,
      -105.90552070974674,
      -100.47273501378262,
      -108.70027920793115,
      -101.33195033769627,
      -95.03756587716038,
      -102.79613889728672,
      -99.54405639360148,
      -82.06382168094987,
      -93.13694284319753,
      -84.44000239412563,
      -90.11737873701179,
      -91.45795176554422,
      -87.3049634442448,
      -84.38051422252478,
      -83.90709440934046,
      -90.16501826670427,
      -82.28890893499498,
      -100.5575869509612,
      -82.07912154830295,
      -89.36393936271911,
      -82.34665543563617,
      -101.80973542944048,
      -105.66207055955192,
      -111.91654115894974,
      -106.96586759216893,
      -101.20060399347827,
      -106.60768909592335,
      -100.52060977981441,
      -90.65423860504575,
      -91.23390602859779,
      -100.78601757844442,
      -102.2373587101967,
      -97.74383939129291,
      -109.62622150190059,
      -109.12067853581311,
      -111.48465469578395,
      -122.41638113202207,
      -110.30407269904279
    ]
  },
  "sti": {
    "sti": NaN,
    "bands_hz": [
      125.0,
      250.0,
      500.0,
      1000.0,
      2000.0,
      4000.0,
      8000.0
    ],
    "band_ti": [
      NaN,
      0.947136563737058,
      0.9557234841295896,
      0.9371389875922006,
      0.937568279643595,
      0.9769675874025606,
      0.9882204286295969
    ],
    "mod_freqs_hz": [
      0.63,
      0.8,
      1.0,
      1.25,
      1.6,
      2.0,
      2.5,
      3.15,
      4.0,
      5.0,
      6.3,
      8.0,
      10.0,
      12.5
    ]
  }
}