{
  "samplerate_hz": 48000,
  "rt": {
    "edt_s": 150.2903208458191,
    "t20_rt60_s": 14.81826726702256,
    "t30_rt60_s": 14.094129056204007,
    "rt60_s": 14.094129056204007,
    "edc_db": {
      "n": 748800,
      "min_db": -55.09712225472584,
      "max_db": 0.0
    }
  },
  "clarity": {
    "c50_db": -21.970435078499392,
    "c80_db": -19.94030127224181,
    "d50": 0.006312571172878087
  },
  "drr": {
    "drr_db": -30.840340549080846,
    "direct_index": 99870
  },
  "quality": {
    "snr_db": -1.8896446624212702,
    "noise_floor_db": -13.580544411547766
  },
  "frequency_response": {
    "bands_hz": [
      20.0,
      22.317679850154974,
      24.903941694700666,
      27.789909887462752,
      31.010315596652497,
      34.60391477691789,
      38.613954577665,
      43.08869380063767,
      48.08198367019944,
      53.65391590559452,
      59.87154589440981,
      66.80969967026489,
      74.55187440629881,
      83.19124326143695,
      92.83177667225556,
      103.58949358462426,
      115.59385768306628,
      128.9893354207524,
      143.93713460023045,
      160.61714442783028,
      179.23010038932102,
      200.00000000000003,
      223.17679850154963,
      249.0394169470064,
      277.8990988746275,
      310.1031559665251,
      346.03914776917895,
      386.13954577665,
      430.8869380063765,
      480.8198367019944,
      536.539159055945,
      598.7154589440981,
      668.096996702649,
      745.5187440629877,
      831.9124326143695,
      928.3177667225556,
      1035.8949358462426,
      1155.938576830663,
      1289.8933542075242,
      1439.371346002303,
      1606.1714442783027,
      1792.3010038932102,
      2000.0000000000002,
      2231.7679850154964,
      2490.3941694700643,
      2778.9909887462754,
      3101.031559665248,
      3460.391477691789,
      3861.3954577665,
      4308.869380063765,
      4808.198367019944,
      5365.3915905594495,
      5987.154589440982,
      6680.96996702649,
      7455.187440629877,
      8319.124326143696,
      9283.177667225556,
      10358.949358462405,
      11559.385768306627,
      12898.933542075243,
      14393.71346002303,
      16061.714442783043,
      17923.0100389321,
      20000.0
    ],
    "magnitude_db": [
      -137.39543908068217,
      -141.12840629809128,
      -143.2665627864173,
      -143.2665627864173,
      -132.41791605850324,
      -140.32577019158987,
      -151.4605148792084,
      -141.33347314046122,
      -136.26682365588596,
      -142.39682916587185,
      -138.61857684105047,
      -142.63555794307987,
      -147.70930319767137,
      -141.37774933150607,
      -149.8873560907193,
      -144.00693871176225,
      -152.07489223965612,
      -142.46516013380247,
      -143.20078289580775,
      -145.06905003475512,
      -144.95950327024718,
      -146.2683165446595,
      -140.62454041488354,
      -141.47771969327775,
      -141.04669849689674,
      -145.3532378538643,
      -146.5336879729423,
      -146.37942179243436,
      -152.66554268115013,
      -145.3854084765145,
      -150.63347158319903,
      -156.92176151996296,
      -144.01867029337242,
      -152.41151640789036,
      -148.71639860662617,
      -149.67833766129803,
      -149.80947066861754,
      -165.61777442746106,
      -146.79646473194362,
      -167.31700089565345,
      -162.41865377559645,
      -148.06804393813997,
      -153.12524526650438,
      -147.0288102782092,
      -151.55978289425448,
      -156.8476886804976,
      -163.87771147747225,
      -157.661437316657,
      -162.462338044256,
      -145.72750970419668,
      -152.8461174908504,
      -150.33949447036838,
      -150.3991004102351,
      -146.2124065523812,
      -140.04829168254585,
      -142.94860783512942,
      -147.94629261210972,
      -144.47117893275814,
      -147.28360069374358,
      -152.64301127895703,
      -144.21716192470117,
      -153.98842154472518,
      -144.38302058311018,
      -129.4694218976397
    ]
  },
  "sti": {
    "sti": NaN,
    "bands_hz": [
      125.0,
      250.0,
      500.0,
      1000.0,
      2000.0,
      4000.0,
      8000.0
    ],
    "band_ti": [
      NaN,
      0.9984224314671309,
      0.995516459544021,
      0.8589070800577723,
      0.776751940168289,
      0.9191210360282144,
      0.5055750250759108
    ],
    "mod_freqs_hz": [
      0.63,
      0.8,
      1.0,
      1.25,
      1.6,
      2.0,
      2.5,
      3.15,
      4.0,
      5.0,
      6.3,
      8.0,
      10.0,
      12.5
    ]
  }
}