{
  "samplerate_hz": 48000,
  "rt": {
    "edt_s": 64.24135857322203,
    "t20_rt60_s": 67.76593954780729,
    "t30_rt60_s": 67.3655748325645,
    "rt60_s": 67.3655748325645,
    "edc_db": {
      "n": 576000,
      "min_db": -46.71768939224358,
      "max_db": 0.0
    }
  },
  "clarity": {
    "c50_db": -17.98162551350185,
    "c80_db": -16.103467514151994,
    "d50": 0.015666774530998958
  },
  "drr": {
    "drr_db": -29.091625238329826,
    "direct_index": 575929
  },
  "quality": {
    "snr_db": 0.9950249023373223,
    "noise_floor_db": -20.27300971239597
  },
  "frequency_response": {
    "bands_hz": [
      20.0,
      22.317679850154974,
      24.903941694700666,
      27.789909887462752,
      31.010315596652497,
      34.60391477691789,
      38.613954577665,
      43.08869380063767,
      48.08198367019944,
      53.65391590559452,
      59.87154589440981,
      66.80969967026489,
      74.55187440629881,
      83.19124326143695,
      92.83177667225556,
      103.58949358462426,
      115.59385768306628,
      128.9893354207524,
      143.93713460023045,
      160.61714442783028,
      179.23010038932102,
      200.00000000000003,
      223.17679850154963,
      249.0394169470064,
      277.8990988746275,
      310.1031559665251,
      346.03914776917895,
      386.13954577665,
      430.8869380063765,
      480.8198367019944,
      536.539159055945,
      598.7154589440981,
      668.096996702649,
      745.5187440629877,
      831.9124326143695,
      928.3177667225556,
      1035.8949358462426,
      1155.938576830663,
      1289.8933542075242,
      1439.371346002303,
      1606.1714442783027,
      1792.3010038932102,
      2000.0000000000002,
      2231.7679850154964,
      2490.3941694700643,
      2778.9909887462754,
      3101.031559665248,
      3460.391477691789,
      3861.3954577665,
      4308.869380063765,
      4808.198367019944,
      5365.3915905594495,
      5987.154589440982,
      6680.96996702649,
      7455.187440629877,
      8319.124326143696,
      9283.177667225556,
      10358.949358462405,
      11559.385768306627,
      12898.933542075243,
      14393.71346002303,
      16061.714442783043,
      17923.0100389321,
      20000.0
    ],
    "magnitude_db": [
      -47.87912914889036,
      -46.652159055034474,
      -46.39722571573443,
      -46.39722571573443,
      -47.68646142170809,
      -47.79969040196167,
      -40.952206929604664,
      -33.8228042206203,
      -28.449154414803477,
      -33.96146007357888,
      -58.50649294880541,
      -63.89767425586499,
      -74.42153017730095,
      -85.68054848902783,
      -85.41566621162733,
      -95.51293827273074,
      -96.32948697637104,
      -100.61662181921949,
      -104.70499506452936,
      -115.95766765601199,
      -111.41372299707524,
      -135.0069776093723,
      -139.0788125106857,
      -135.80266394215187,
      -134.07614570512425,
      -138.96642463209403,
      -136.58310308982504,
      -137.38218689996796,
      -141.48931234935813,
      -138.0140679598759,
      -142.38280765066438,
      -147.8579948508916,
      -143.0525788045709,
      -153.04761185436706,
      -155.68374096949327,
      -148.79440035282863,
      -146.2018265992686,
      -142.21609983552614,
      -138.66696625594497,
      -152.8967369360409,
      -149.48584918857134,
      -151.09209142840155,
      -150.78566900436076,
      -141.34583668337544,
      -144.91815615996154,
      -142.39764192976287,
      -143.06572851246335,
      -139.96189975413432,
      -135.82296471759722,
      -140.6853779120935,
      -143.23154464597653,
      -142.63957867613453,
      -148.48033837225958,
      -162.473445750353,
      -143.70884019172445,
      -131.37862930173256,
      -137.64484781064485,
      -141.75722891266415,
      -145.75280205761973,
      -53.31277949840267,
      -35.910843591194485,
      -11.633702319463847,
      -24.222176062317633,
      -20.003840669966845
    ]
  },
  "sti": {
    "sti": NaN,
    "bands_hz": [
      125.0,
      250.0,
      500.0,
      1000.0,
      2000.0,
      4000.0,
      8000.0
    ],
    "band_ti": [
      NaN,
      0.9987750262336899,
      1.0,
      1.0,
      1.0,
      0.8047123121158847,
      0.01211287605025625
    ],
    "mod_freqs_hz": [
      0.63,
      0.8,
      1.0,
      1.25,
      1.6,
      2.0,
      2.5,
      3.15,
      4.0,
      5.0,
      6.3,
      8.0,
      10.0,
      12.5
    ]
  },
  "display_metrics": [
    {
      "key": "rt60",
      "label": "RT60",
      "value": 67.3655748325645,
      "formatted_value": "67.37",
      "unit": "s",
      "description": "Reverberation time (60 dB decay)",
      "icon": "timer",
      "category": "reverberation",
      "sort_order": 0
    },
    {
      "key": "edt",
      "label": "EDT",
      "value": 64.24135857322203,
      "formatted_value": "64.24",
      "unit": "s",
      "description": "Early decay time",
      "icon": "speed",
      "category": "reverberation",
      "sort_order": 1
    },
    {
      "key": "sti",
      "label": "STI",
      "value": NaN,
      "formatted_value": "nan",
      "unit": "",
      "description": "Speech transmission index",
      "icon": "record_voice_over",
      "category": "intelligibility",
      "sort_order": 2
    },
    {
      "key": "c50",
      "label": "C50",
      "value": -17.98162551350185,
      "formatted_value": "-18.0",
      "unit": "dB",
      "description": "Clarity for speech",
      "icon": "hearing",
      "category": "clarity",
      "sort_order": 3
    },
    {
      "key": "c80",
      "label": "C80",
      "value": -16.103467514151994,
      "formatted_value": "-16.1",
      "unit": "dB",
      "description": "Clarity for music",
      "icon": "music_note",
      "category": "clarity",
      "sort_order": 4
    },
    {
      "key": "d50",
      "label": "D50",
      "value": 0.015666774530998958,
      "formatted_value": "2",
      "unit": "%",
      "description": "Definition (speech intelligibility)",
      "icon": "graphic_eq",
      "category": "clarity",
      "sort_order": 5
    },
    {
      "key": "drr",
      "label": "DRR",
      "value": -29.091625238329826,
      "formatted_value": "-29.1",
      "unit": "dB",
      "description": "Direct-to-reverberant ratio",
      "icon": "surround_sound",
      "category": "spatial",
      "sort_order": 6
    },
    {
      "key": "snr",
      "label": "SNR",
      "value": 0.9950249023373223,
      "formatted_value": "1.0",
      "unit": "dB",
      "description": "Signal-to-noise ratio",
      "icon": "signal_cellular_alt",
      "category": "quality",
      "sort_order": 7
    }
  ]
}