{
  "samplerate_hz": 48000,
  "rt": {
    "edt_s": 11.690488199000495,
    "t20_rt60_s": 428.20369948059977,
    "t30_rt60_s": 418.2321647498958,
    "rt60_s": 418.2321647498958,
    "edc_db": {
      "n": 576000,
      "min_db": -54.80486686723396,
      "max_db": 0.0
    }
  },
  "clarity": {
    "c50_db": -14.861570344376604,
    "c80_db": -12.994048558678877,
    "d50": 0.03161484724808991
  },
  "drr": {
    "drr_db": -24.977473649354422,
    "direct_index": 81453
  },
  "quality": {
    "snr_db": 0.6511822509424623,
    "noise_floor_db": -20.676621540923325
  },
  "frequency_response": {
    "bands_hz": [
      20.0,
      22.317679850154974,
      24.903941694700666,
      27.789909887462752,
      31.010315596652497,
      34.60391477691789,
      38.613954577665,
      43.08869380063767,
      48.08198367019944,
      53.65391590559452,
      59.87154589440981,
      66.80969967026489,
      74.55187440629881,
      83.19124326143695,
      92.83177667225556,
      103.58949358462426,
      115.59385768306628,
      128.9893354207524,
      143.93713460023045,
      160.61714442783028,
      179.23010038932102,
      200.00000000000003,
      223.17679850154963,
      249.0394169470064,
      277.8990988746275,
      310.1031559665251,
      346.03914776917895,
      386.13954577665,
      430.8869380063765,
      480.8198367019944,
      536.539159055945,
      598.7154589440981,
      668.096996702649,
      745.5187440629877,
      831.9124326143695,
      928.3177667225556,
      1035.8949358462426,
      1155.938576830663,
      1289.8933542075242,
      1439.371346002303,
      1606.1714442783027,
      1792.3010038932102,
      2000.0000000000002,
      2231.7679850154964,
      2490.3941694700643,
      2778.9909887462754,
      3101.031559665248,
      3460.391477691789,
      3861.3954577665,
      4308.869380063765,
      4808.198367019944,
      5365.3915905594495,
      5987.154589440982,
      6680.96996702649,
      7455.187440629877,
      8319.124326143696,
      9283.177667225556,
      10358.949358462405,
      11559.385768306627,
      12898.933542075243,
      14393.71346002303,
      16061.714442783043,
      17923.0100389321,
      20000.0
    ],
    "magnitude_db": [
      -126.4153874293536,
      -142.1707582188918,
      -133.89672812785668,
      -133.89672812785668,
      -138.77722279432615,
      -141.45367913805734,
      -136.10871350595608,
      -133.626830056075,
      -136.6131660445158,
      -145.93245643023548,
      -122.78460782844364,
      -142.00395989332299,
      -139.1296644377069,
      -118.55866839723535,
      -141.56446427002197,
      -141.62555383825637,
      -149.03231227585266,
      -136.45388587134835,
      -128.68675551546107,
      -131.3626242311881,
      -124.65553334034558,
      -121.11477102407366,
      -139.6701584026608,
      -119.8333067807113,
      -114.66634370531635,
      -115.29078417481315,
      -114.41083192664108,
      -115.35945935533398,
      -119.61233990670624,
      -112.32151553448894,
      -114.7968451791493,
      -111.80140840413601,
      -109.58057382977834,
      -107.06614901456152,
      -116.16734116063157,
      -100.71113093224967,
      -102.39432602458618,
      -102.00025501813785,
      -98.65889623165438,
      -110.94779151073303,
      -114.48418667654724,
      -106.09911333037189,
      -103.19429881444243,
      -111.9259621022295,
      -104.25710249658756,
      -114.00314261988014,
      -116.99690246336598,
      -108.88478762879248,
      -103.40974154832293,
      -107.3774815555424,
      -94.90498437484507,
      -99.03545640367881,
      -89.11430449760937,
      -96.03873683469743,
      -100.49388390881666,
      -96.05805451733764,
      -97.24235475773101,
      -105.84587300232435,
      -99.37028336248153,
      -114.09924259937327,
      -108.12563334226988,
      -120.7493885287535,
      -117.9215920772465,
      -108.49524042208542
    ]
  },
  "sti": {
    "sti": NaN,
    "bands_hz": [
      125.0,
      250.0,
      500.0,
      1000.0,
      2000.0,
      4000.0,
      8000.0
    ],
    "band_ti": [
      NaN,
      0.998889282961966,
      1.0,
      0.9959388839534461,
      1.0,
      0.9487971034126482,
      0.917578950190437
    ],
    "mod_freqs_hz": [
      0.63,
      0.8,
      1.0,
      1.25,
      1.6,
      2.0,
      2.5,
      3.15,
      4.0,
      5.0,
      6.3,
      8.0,
      10.0,
      12.5
    ]
  },
  "display_metrics": [
    {
      "key": "rt60",
      "label": "RT60",
      "value": 418.2321647498958,
      "formatted_value": "418.23",
      "unit": "s",
      "description": "Reverberation time (60 dB decay)",
      "icon": "timer",
      "category": "reverberation",
      "sort_order": 0
    },
    {
      "key": "edt",
      "label": "EDT",
      "value": 11.690488199000495,
      "formatted_value": "11.69",
      "unit": "s",
      "description": "Early decay time",
      "icon": "speed",
      "category": "reverberation",
      "sort_order": 1
    },
    {
      "key": "sti",
      "label": "STI",
      "value": NaN,
      "formatted_value": "nan",
      "unit": "",
      "description": "Speech transmission index",
      "icon": "record_voice_over",
      "category": "intelligibility",
      "sort_order": 2
    },
    {
      "key": "c50",
      "label": "C50",
      "value": -14.861570344376604,
      "formatted_value": "-14.9",
      "unit": "dB",
      "description": "Clarity for speech",
      "icon": "hearing",
      "category": "clarity",
      "sort_order": 3
    },
    {
      "key": "c80",
      "label": "C80",
      "value": -12.994048558678877,
      "formatted_value": "-13.0",
      "unit": "dB",
      "description": "Clarity for music",
      "icon": "music_note",
      "category": "clarity",
      "sort_order": 4
    },
    {
      "key": "d50",
      "label": "D50",
      "value": 0.03161484724808991,
      "formatted_value": "3",
      "unit": "%",
      "description": "Definition (speech intelligibility)",
      "icon": "graphic_eq",
      "category": "clarity",
      "sort_order": 5
    },
    {
      "key": "drr",
      "label": "DRR",
      "value": -24.977473649354422,
      "formatted_value": "-25.0",
      "unit": "dB",
      "description": "Direct-to-reverberant ratio",
      "icon": "surround_sound",
      "category": "spatial",
      "sort_order": 6
    },
    {
      "key": "snr",
      "label": "SNR",
      "value": 0.6511822509424623,
      "formatted_value": "0.7",
      "unit": "dB",
      "description": "Signal-to-noise ratio",
      "icon": "signal_cellular_alt",
      "category": "quality",
      "sort_order": 7
    }
  ]
}