{
  "samplerate_hz": 48000,
  "rt": {
    "edt_s": 55.699932977812495,
    "t20_rt60_s": 72.3428325194379,
    "t30_rt60_s": 71.76356600124026,
    "rt60_s": 71.76356600124026,
    "edc_db": {
      "n": 576000,
      "min_db": -82.7351488038809,
      "max_db": 0.0
    }
  },
  "clarity": {
    "c50_db": -18.121687516813278,
    "c80_db": -15.968520229956551,
    "d50": 0.015177120351032643
  },
  "drr": {
    "drr_db": -23.93025348801265,
    "direct_index": 63976
  },
  "quality": {
    "snr_db": 2.3893581221107363,
    "noise_floor_db": -24.515097594716643
  },
  "frequency_response": {
    "bands_hz": [
      20.0,
      22.317679850154974,
      24.903941694700666,
      27.789909887462752,
      31.010315596652497,
      34.60391477691789,
      38.613954577665,
      43.08869380063767,
      48.08198367019944,
      53.65391590559452,
      59.87154589440981,
      66.80969967026489,
      74.55187440629881,
      83.19124326143695,
      92.83177667225556,
      103.58949358462426,
      115.59385768306628,
      128.9893354207524,
      143.93713460023045,
      160.61714442783028,
      179.23010038932102,
      200.00000000000003,
      223.17679850154963,
      249.0394169470064,
      277.8990988746275,
      310.1031559665251,
      346.03914776917895,
      386.13954577665,
      430.8869380063765,
      480.8198367019944,
      536.539159055945,
      598.7154589440981,
      668.096996702649,
      745.5187440629877,
      831.9124326143695,
      928.3177667225556,
      1035.8949358462426,
      1155.938576830663,
      1289.8933542075242,
      1439.371346002303,
      1606.1714442783027,
      1792.3010038932102,
      2000.0000000000002,
      2231.7679850154964,
      2490.3941694700643,
      2778.9909887462754,
      3101.031559665248,
      3460.391477691789,
      3861.3954577665,
      4308.869380063765,
      4808.198367019944,
      5365.3915905594495,
      5987.154589440982,
      6680.96996702649,
      7455.187440629877,
      8319.124326143696,
      9283.177667225556,
      10358.949358462405,
      11559.385768306627,
      12898.933542075243,
      14393.71346002303,
      16061.714442783043,
      17923.0100389321,
      20000.0
    ],
    "magnitude_db": [
      -72.77649923441638,
      -69.26711098846867,
      -69.28240941885126,
      -69.28240941885126,
      -66.14096089305788,
      -66.94509668858973,
      -65.4033625879226,
      -57.55563340457261,
      -48.33544363005865,
      -53.26349043280452,
      -62.77468190547943,
      -80.57098753068485,
      -93.51613445555788,
      -87.78753285928909,
      -98.63707899251847,
      -101.42412081147135,
      -99.59241006771171,
      -102.80625755263259,
      -104.63278398184882,
      -113.23588150401405,
      -110.87327874053793,
      -124.54800215964576,
      -137.56687921620264,
      -135.9112591414423,
      -127.74177635474894,
      -127.08636050381989,
      -126.78710809853257,
      -120.03837973515982,
      -145.23428792119404,
      -115.9916261343853,
      -120.28987567904991,
      -115.08348690915612,
      -120.0169402028696,
      -121.96831769763469,
      -112.93038993249523,
      -110.56502126648765,
      -107.86636204964307,
      -112.13439253154762,
      -118.5092404843749,
      -109.40036461823595,
      -110.09975719286717,
      -114.89564548123224,
      -112.61444618839877,
      -111.19288455664291,
      -109.88360499273973,
      -111.6600726668495,
      -101.56325357523407,
      -104.50494858450021,
      -104.698063028684,
      -109.0990612890772,
      -102.7663630531668,
      -109.84956773085081,
      -102.30989430676239,
      -102.78687725626102,
      -103.80827626406231,
      -93.15322449428685,
      -100.8667845685673,
      -110.01991304249674,
      -110.41978633805861,
      -58.27832534340688,
      -24.514143029072983,
      -23.647545296222635,
      -23.340139676937028,
      -38.599384897824145
    ]
  },
  "sti": {
    "sti": NaN,
    "bands_hz": [
      125.0,
      250.0,
      500.0,
      1000.0,
      2000.0,
      4000.0,
      8000.0
    ],
    "band_ti": [
      NaN,
      0.9993070422782175,
      1.0,
      1.0,
      1.0,
      1.0,
      0.0031650807422753586
    ],
    "mod_freqs_hz": [
      0.63,
      0.8,
      1.0,
      1.25,
      1.6,
      2.0,
      2.5,
      3.15,
      4.0,
      5.0,
      6.3,
      8.0,
      10.0,
      12.5
    ]
  }
}