{
  "samplerate_hz": 48000,
  "rt": {
    "edt_s": null,
    "t20_rt60_s": null,
    "t30_rt60_s": null,
    "rt60_s": null,
    "edc_db": {
      "n": 753600,
      "min_db": -120.0,
      "max_db": 0.0
    }
  },
  "clarity": {
    "c50_db": null,
    "c80_db": null,
    "d50": null
  },
  "drr": {
    "drr_db": null,
    "direct_index": 0
  },
  "quality": {
    "snr_db": null,
    "noise_floor_db": null
  },
  "frequency_response": {
    "bands_hz": [
      20.0,
      22.317679850154974,
      24.903941694700666,
      27.789909887462752,
      31.010315596652497,
      34.60391477691789,
      38.613954577665,
      43.08869380063767,
      48.08198367019944,
      53.65391590559452,
      59.87154589440981,
      66.80969967026489,
      74.55187440629881,
      83.19124326143695,
      92.83177667225556,
      103.58949358462426,
      115.59385768306628,
      128.9893354207524,
      143.93713460023045,
      160.61714442783028,
      179.23010038932102,
      200.00000000000003,
      223.17679850154963,
      249.0394169470064,
      277.8990988746275,
      310.1031559665251,
      346.03914776917895,
      386.13954577665,
      430.8869380063765,
      480.8198367019944,
      536.539159055945,
      598.7154589440981,
      668.096996702649,
      745.5187440629877,
      831.9124326143695,
      928.3177667225556,
      1035.8949358462426,
      1155.938576830663,
      1289.8933542075242,
      1439.371346002303,
      1606.1714442783027,
      1792.3010038932102,
      2000.0000000000002,
      2231.7679850154964,
      2490.3941694700643,
      2778.9909887462754,
      3101.031559665248,
      3460.391477691789,
      3861.3954577665,
      4308.869380063765,
      4808.198367019944,
      5365.3915905594495,
      5987.154589440982,
      6680.96996702649,
      7455.187440629877,
      8319.124326143696,
      9283.177667225556,
      10358.949358462405,
      11559.385768306627,
      12898.933542075243,
      14393.71346002303,
      16061.714442783043,
      17923.0100389321,
      20000.0
    ],
    "magnitude_db": [
      -240.0,
      -240.0,
      -240.0,
      -240.0,
      -240.0,
      -240.0,
      -240.0,
      -240.0,
      -240.0,
      -240.0,
      -240.0,
      -240.0,
      -240.0,
      -240.0,
      -240.0,
      -240.0,
      -240.0,
      -240.0,
      -240.0,
      -240.0,
      -240.0,
      -240.0,
      -240.0,
      -240.0,
      -240.0,
      -240.0,
      -240.0,
      -240.0,
      -240.0,
      -240.0,
      -240.0,
      -240.0,
      -240.0,
      -240.0,
      -240.0,
      -240.0,
      -240.0,
      -240.0,
      -240.0,
      -240.0,
      -240.0,
      -240.0,
      -240.0,
      -240.0,
      -240.0,
      -240.0,
      -240.0,
      -240.0,
      -240.0,
      -240.0,
      -240.0,
      -240.0,
      -240.0,
      -240.0,
      -240.0,
      -240.0,
      -240.0,
      -240.0,
      -240.0,
      -240.0,
      -240.0,
      -240.0,
      -240.0,
      -240.0
    ]
  },
  "sti": {
    "sti": null,
    "note": "Zero-energy IR"
  }
}